"stand","plot"
"Summary H","FM_BL_145_2023"
"Summary H","FM_BL_147_2023"
"Summary H","FM_BL_148_2023"
"Summary H","FM_BL_152_2023"
"Summary H","FM_BL_153_2023"
"Summary H","FM_BL_154_2023"
"Summary H","FM_MB_138_2023"
"Summary H","FM_MB_139_2023"
"Summary H","FM_MB_140_2023"
"Summary H","FM_MB_142_2023"
"Summary H","FM_MBR_146_2023"
"Summary H","FM_WTC_141_2023"
"Summary H","FM_WTC_143_2023"
"Summary H","FM_WTC_144_2023"
"Summary H","FM_WTC_149_2023"
"Summary H","FM_WTC_150_2023"
"Summary H","FM_WTC_151_2023"
"Summary G","FM_LB_103_2022"
"Summary G","FM_LB_104_2023"
"Summary G","FM_S_105_2023"
"Summary G","FM_S_106_2023"
"Summary G","FM_S_119_2023"
"Summary G","FM_S_120_2023"
"Summary G","FM_S_113_2023"
"Summary G","FM_SR_122_2023"
"Summary G","FM_SR_107_2023"
"Summary G","FM_S_108_2023"
"Summary G","FM_BL_116_2023"
"Summary G","FM_SR_114_2023"
"Summary G","FM_SR_115_2023"
"Summary G","FM_BL_117_2023"
"Summary G","FM_S_110_2023"
"Summary G","FM_S_111_2023"
"Summary G","FM_SR_112_2022"
"Summary G","FM_MBDE_118_2023"
"Summary G","FM_S_133_2022"
"Summary G","FM_S_134_2022"
"Summary G","FM_S_135_2022"
"Summary G","FM_MB_136_2023"
"Summary G","FM_BL_137_2023"
"Summary F","FM_LS_132_2022"
"Summary F","FM_LS_123_2022"
"Summary F","FM_LS_124_2022"
"Summary F","FM_LS_125_2022"
"Summary F","FM_LS_126_2022"
"Summary F","FM_LS_131_2022"
"Summary F","FM_MB_130_2022"
"Summary F","FM_MB_129_2022"
"Summary F","FM_MB_128_2022"
"Summary F","FM_MB_127_2022"
"Summary D","FM_TC_86_2023"
"Summary D","FM_TC_83_2023"
"Summary D","FM_TC_84_2023"
"Summary D","FM_TC_85_2023"
"Summary D","FM_CSTT_87_2023"
"Summary D","FM_CSTT_88_2023"
"Summary D","FM_CSTT_89_2023"
"Summary D","FM_CSTT_90_2023"
"Summary C","FM_CSDE_91_2023"
"Summary C","FM_CS_92_2023"
"Summary C","FM_CS_93_2023"
"Summary C","FM_CSTT_95_2023"
"Summary C","FM_CSTT_98_2023"
"Summary C","FM_UCSTT_97_2023"
"Summary C","FM_UCSTT_96_2023"
"Summary C","FM_H_94_2023"
"Summary C","FM_TTCS_99_2023"
"Summary C","FM_TTCS_100_2023"
"Burn 2018 E","FM_MWCF_72_2022"
"Burn 2018 E","FM_CSL_73_2022"
"Burn 2018 E","FM_CS_74_2022"
"Burn 2018 E","FM_EBC_75_2022"
"Burn 2018 E","FM_MWCF_80_2022"
"Burn 2018 E","FM_CS_79_2022"
"Burn 2018 E","FM_CS_76_2022"
"Burn 2018 E","FM_CS_77_2022"
"Burn 2018 E","FM_CS_78_2022"
"Burn 2018 E","FM_MWCF_81_2022"
"Burn 2018 E","FM_MWCF_82_2022"
"Summary A","FM_BH_28_2022"
"Summary A","FM_BC_21_2022"
"Summary A","FM_BC_22_2022"
"Summary A","FM_BC_23_2022"
"Summary A","FM_BC_24_2022"
"Summary A","FM_BC_27_2022"
"Summary A","FM_BC_30_2022"
"Summary A","FM_BC_31_2022"
"Summary A","FM_BC_32_2022"
"Summary A","FM_BC_33_2022"
"Summary A","FM_BC_35_2022"
"Summary A","FM_BC_36_2022"
"Summary A","FM_BC_37_2022"
"Summary A","FM_BH_25_2022"
"Summary A","FM_BH_26_2022"
"Summary A","FM_BH_29_2022"
"Summary A","FM_BH_34_2022"
"Summary A","FM_BH_38_2022"
"Summary A","FM_BH_39_2022"
"Summary A","FM_BH_40_2022"
"Summary A","FM_BH_41_2022"
"Summary A","FM_BH_42_2022"
"Summary A","FM_BH_43_2022"
"Summary A","FM_BH_44_2022"
"Summary A","FM_BH_45_2022"
"Summary A","FM_LHP_20_2022"
"Summary A","FM_PL_46_2022"
"Summary A","FM_PL_47_2022"
"Summary B","FM_BA_55_2022"
"Summary B","FM_BA_56_2022"
"Summary B","FM_BA_58_2022"
"Summary B","FM_BA_63_2022"
"Summary B","FM_BA_71_2022"
"Summary B","FM_BATCH_59_2022"
"Summary B","FM_BATCH_62_2022"
"Summary B","FM_BATCH_64_2022"
"Summary B","FM_BATCH_69_2022"
"Summary B","FM_BATCH_70_2022"
"Summary B","FM_CH_51_2022"
"Summary B","FM_CH_52_2022"
"Summary B","FM_CH_53_2022"
"Summary B","FM_CH_54_2022"
"Summary B","FM_CH_60_2022"
"Summary B","FM_CH_61_2022"
"Summary B","FM_CH_65_2022"
"Summary B","FM_CH_66_2022"
"Summary B","FM_CH_67_2022"
"Summary B","FM_CH_68_2022"
"Summary B","FM_MW_57_2022"